overall_acc,overall_f1_macro,overall_AA_prec,overall_AA_rec,overall_AB_prec,overall_AB_rec,overall_BA_prec,overall_BA_rec,overall_n,core_acc,core_f1_macro,core_AA_prec,core_AA_rec,core_AB_prec,core_AB_rec,core_BA_prec,core_BA_rec,core_n,boundary_acc,boundary_f1_macro,boundary_AA_prec,boundary_AA_rec,boundary_AB_prec,boundary_AB_rec,boundary_BA_prec,boundary_BA_rec,boundary_n,fold
0.999104744852283,0.9993468423731052,1.0,1.0,1.0,0.9980769230769231,0.99800796812749,1.0,1117,1.0,1.0,1.0,1.0,1.0,1.0,1.0,1.0,836,0.99644128113879,0.9975267590925952,1.0,1.0,1.0,0.9929078014184397,0.9923076923076923,1.0,281,0
0.9964189794091316,0.9946148559344437,0.9795918367346939,1.0,0.9961538461538462,0.9961538461538462,1.0,0.9960079840319361,1117,1.0,1.0,1.0,1.0,1.0,1.0,1.0,1.0,861,0.984375,0.9442917995906249,0.75,1.0,0.9836065573770492,0.9836065573770492,1.0,0.984375,256,1
0.9973118279569892,0.998038670872628,1.0,1.0,1.0,0.9942307692307693,0.9940357852882704,1.0,1116,1.0,1.0,1.0,1.0,1.0,1.0,1.0,1.0,829,0.9895470383275261,0.9927944740354833,1.0,1.0,1.0,0.9777777777777777,0.9794520547945206,1.0,287,2
1.0,1.0,1.0,1.0,1.0,1.0,1.0,1.0,1116,1.0,1.0,1.0,1.0,1.0,1.0,1.0,1.0,835,1.0,1.0,1.0,1.0,1.0,1.0,1.0,1.0,281,3
1.0,1.0,1.0,1.0,1.0,1.0,1.0,1.0,1116,1.0,1.0,1.0,1.0,1.0,1.0,1.0,1.0,825,1.0,1.0,1.0,1.0,1.0,1.0,1.0,1.0,291,4
